numero	radicales	case2	page	traductions_de_la_racine
0036	ء س م ع ل	12	244	Racine double : S M ' = entendre, écouter, et 'îl = Dieu présent dans Sa manifestation
0037	ء س ن	1	244	Etre gâté, pollué, altéré, croupi, sentir mauvais
0038	ء س و	3	244	Soigner, guérir, consoler, aider, recommander, rétablir dans son état normal
0039	ء س ي	3	244	1/ Laisser — 2/ s'affliger, être affligé, peiné, triste, éprouver de la peine
0040	ء ش ر	2	244	1/ Scier, couper, affiler, denteler — 2/ briller par éclats, être très vif et gai
0041	ء ص ر	3	245	Lier ou attacher avec une corde, comprimer, serrer, briser, rassembler, rapprocher
0042	ء ص ل	10	245	Atteindre la racine, être enraciné, être ferme
0043	ء ف ف	3	245	S'écrier « ouf ! » de douleur, de dégoût, d'horreur, saleté
0044	ء ف ق	3	245	Tanner, assouplir le cuir, être supérieur à, vaincre qqn, avoir le dessus sur qqn, voyager
0045	ء ف ك	30	245	Renverser, retourner, détourner qqn de qqch, contrefaire, dénaturer, mettre le haut en bas, intervertir, déformer, falsifier, mentir, forger, frustrer, fausser, pervertir
0046	ء ف ل	4	246	Se coucher, disparaître à l'horizon, décliner, (se) tarir
0047	ء ك ل	109	246	Manger, ronger, dévorer, consumer, être usé — idée de consumer, de dilapider
0048	ء ل ت	1	247	Léser qqn, éloigner, écarter, retenir, accuser faussement, frauder, forcer qqn, contenir qqn
0049	ء ل ر	5	247	Alif - Lâm - Râ' - trois lettres isolées, inaugurant 5 sourates
0050	ء ل ف	22	247	S'habituer, apprivoiser, joindre, réunir, rassembler, composer
0051	ء ل ل	2	247	Etre mis en mouvement, trembler, tendre rapidement, écarter, transpercer, piquer un habit, murmurer
0052	ء ل م	81	248	1/ Alif – Lâm - Mîm - lettres inaugurales de 6 sourates — 2/ Eprouver une douleur, souffrir, avoir mal
0053	ء ل م ر	1	248	Alif - Lâm - Mîm - Râ' - Lettres isolées inaugurant une sourate (la 13ème)
0054	ء ل م ص	1	248	Alif - Lâm - Mîm - Sâd - Lettres isolées inaugurant la 7ème sourate
0055	ء ل ه	2697	248	Racine formant les noms Allâh et Ilâh - Adorer en tant que Dieu (ou dieu) - être dans la stupéfaction - se sauver, se réfugier – protéger
0056	ء ل ه م	5	249	Ensemble de lettres formant l'interjection Allâhumma !, ô Allâh !
0057	ء ل و	3	249	Faire défaut, être impuissant, abandonner, faillir, manquer, laisser
0058	ء ل ي س	3	249	Lettres formant le nom propre 'Ilyâs = Elie, ou 'Il-Yâsîn = les familiers de Yâsîn
0059	ء ل ي	34	249	Notion de protubérance, d'excroissance, d'augmentation, de faveur. Avoir de grosses fesses, avoir la queue grasse
0213	ث و ي	14	300	Faire halte, s'installer quelque part, s'arrêter, se reposer
0214	ث ي ب	1	300	Idée de quitter son conjoint, de vivre seul
0215	ج ء ر	3	301	Mugir, braire, supplier, implorer, clamer, gronder, vociférer, hurler
0216	ج ب ب	2	301	Couper, retrancher, tailler
0217	ج ب ت	1	301	Idée d'influence ou de pouvoir magique, du monde intermédiaire
0218	ج ب ر	10	301	Idée de rétablir un ordre avec contrainte – remettre (un os cassé), rétablir, forcer, restaurer, remettre en bon état, selon une norme
0219	ج ب ر-ء ل	3	301	Nom propre composé de jabr (voir 0218) et de îl, Dieu dans Sa Manifestation (voir 0055) — Gabriel
0298	ح ج ر	21	324	Idée de cacher, de couvrir, de clôture - Empêcher d'approcher, interdire l'accès, interdire, mettre un obstacle
0299	ح ج ز	2	324	Faire agenouiller un chameau, cacher, renfermer, retenir, repousser, contenir, empêcher d'approcher, éprouver une grande soif
0300	ح د ب	1	324	Etre convexe, bombé, bossu
0301	ح د ث	36	324	Idée d'événement nouveau - Apparaître, surgir, commencer, avoir lieu, advenir, arriver, être neuf, jeune, récent, nouveau
0302	ح د د	25	325	Aiguiser, rendre plus tranchant, être affilé, mettre une limite, assigner des limites, définir, empêcher d'approcher, contenir, retenir, refuser
0303	ح د ق	3	325	Idée de faire le tour de - Entourer, cerner, regarder fixement, ouvrir de grands yeux, discerner, être entouré de murs, d'enclos
0304	ح ذ ر	21	325	Prendre garde, chercher à éviter, se garder de, craindre, se protéger, être attentif, être vigilant, se méfier, appréhender
0305	ح ر ب	11	326	Dépouiller, piller, aiguiser, affûter pour tailler, faire la guerre, être en colère, être irrité, belliqueux
0306	ح ر ث	14	326	Labourer, cultiver, ensemencer, œuvrer
0307	ح ر ج	15	326	Idée de rétrécissement, de resserrement, de prohibition, de s'abstenir, de gêne - Etre serré, éprouver une angoisse, être défendu (comme illicite), être coupable
0308	ح ر د	1	327	Percer, perforer, se proposer, retenir, empêcher d'approcher, s'isoler, se fâcher
0309	ح ر ر	15	327	Idée de libération et de dilatation, de se donner à qqn ou qqch - Etre ou devenir libre, être affranchi, être chaud, brûlant, chauffer, avoir soif
0310	ح ر س	1	327	Garder, veiller sur, faire la garde
0311	ح ر ص	5	327	Désirer ardemment, convoiter, être avide de, être attentif, attentionné, fendre, percer, casser, déchirer
0312	ح ر ض	3	328	Traire, tirer tout le lait, se gâter, se corrompre, maigrir, dépérir, se mourir, s'abîmer, languir, désirer ardemment, être excité
0313	ح ر ف	6	328	Retourner, mettre à l'envers, détourner
0314	ح ر ق	9	328	Grincer des dents, limer, crisser, brûler, calciner, éclater
0315	ح ر ك	1	328	Se refuser à qqch., atteindre, blesser, léser, frapper, être impuissant, se mouvoir, se mettre en mouvement, s'agiter
0316	ح ر م	83	329	Eloigner, repousser, défendre, refuser, prohiber, exclure, déclarer illicite, entrer dans un mois sacré ; être sacré, inviolable, réservé, privé
0317	ح ر ي	1	329	Décroître, diminuer
0318	ح ز ب	20	329	Idée de réunion, de contiguïté - Arriver, avoir lieu, tourmenter qqn
0319	ح ز ن	42	330	Idée de tristesse
0320	ح س ب	109	330	Idée d'évaluer, d'estimer — Compter, calculer, évaluer, considérer, estimer, se figurer, suffire, être suffisant, croire, penser, imaginer, prendre pour
0321	ح س د	5	331	Jalouser, envier
0322	ح س ر	12	331	Dépouiller l'écorce, mettre à nu, ôter, enlever, apurer, nettoyer, retrancher, couper, être exténué, être découvert, se lasser ; être apaisé, fatigué, éprouver, soupirer, se lamenter
0323	ح س س	6	331	Idée de perception vive - brûler par le froid, anéantir, détruire, nettoyer, être touché, attendrir, avoir compassion, aider, écouter, sentir
0425	خ ط ط	1	362	Tracer, tirer des lignes ; écrire, tracer des caractères
0426	خ ط ف	7	362	Enlever, emporter, arracher d'un coup, ravir, marcher d'un pas rapide, priver qqn de qqch
0427	خ ط و	5	362	Faire un pas, marcher, avancer en marchant, progresser
0428	خ ف ت	3	362	Cesser de se faire entendre, cesser de parler, s'apaiser, baisser (le son), se calmer
0429	خ ف ض	4	363	Abaisser, baisser, diminuer, réduire, s'humilier
0430	خ ف ف	17	363	Paraître agile, léger, rapide ; peser peu, paraître insignifiant, diminuer, décroître, soulager, demander moins
0431	خ ف ي	34	363	Idée de faire apparaître une chose en faisant disparaître une autre : cacher, disparaître, se dérober, échapper, occulter, être ou passer inaperçu, imperceptible, être caché pour qqn
0432	خ ل د	87	364	Durer indéfiniment, perpétrer, se conserver longtemps, s'arrêter, séjourner, évoluer perpétuellement, rester pour toujours, pérenniser, être immortel
0433	خ ل ص	31	364	Idée de fin d'un processus sélectif (catharsis) — Etre tout blanc, pur, sans tache, limpide, sans mélange, non altéré, candide, sincère, exempt de, décanté
0434	خ ل ط	6	365	Mélanger, mêler, confondre, emmêler, entremêler, mixer, incorporer
0435	خ ل ع	1	365	Oter, enlever, retirer, dépouiller, destituer, renier
0436	خ ل ف	127	365	Suivre, succéder à, remplacer, venir à la suite de ; rester en arrière, être derrière, prendre qqn par derrière, se substituer à
0437	خ ل ق	251	367	Donner la mesure à, les proportions ou la norme à ; rendre égal, poli, uni, lisse ; prendre la mesure (sans couper) ; produire, faire, provoquer, être usé, râpé ; être d'un bon naturel, avoir bon caractère - idée d'imprégnation, forger ou fabriquer de toutes pièces, créer, composer
0438	خ ل ل	13	367	Fendre, diminuer, décroître, maigrir, devenir pauvre, percer, transpercer, pénétrer dans l'intérieur, compénétrer, être intime de
0527	ذ ي ع	1	394	Répandre, se propager, s'ébruiter, se diffuser, devenir connu
0528	ر ء س	18	395	Frapper à la tête - Etre chef, être ou mettre à la tête de, préposer qqn, commander, diriger, présider
0529	ر ء ف	13	395	Etre clément, bienveillant, doux, conciliant, compatissant, indulgent
0530	ر ء ي	328	395	Voir, (s') apercevoir de, constater, observer, percevoir, remarquer, considérer, estimer, juger, penser, ressentir, sentir, connaître, reconnaître, croire, avoir telle opinion, regarder comme tel, voir en songe, avoir une vision
0531	ر ب ب	863	396	Idée de maîtriser et d'éduquer - être maître, chef, seigneur ; avoir le contrôle de [...], l'autorité, rassembler, réunir, arranger, accommoder, élever, éduquer, posséd[er], propriétaire, idée de permanence, parfumer qqch
0532	ر ب ح	1	396	Gagner, réaliser des profits, prospérer, profiter, l'emporter
0533	ر ب ص	17	397	Attendre, épier une occasion, être imminent, menacer qqn, être dans l'expectative, être attentif
0534	ر ب ط	5	397	Lier, serrer, attacher, connecter, nouer, faire une ligature, fortifier, confirmer, consolider, affermir, être raffermi, être encouragé
0535	ر ب ع	22	397	Idée de quatre - avoir de l'inclination, s'arrêter dans un endroit, attendre, contenir
0578	ر ف د	2	412	Secourir, soulager, assister, aider, soutenir, venir au secours de qqn, mettre un coussin sur une monture, faire des cadeaux
0579	ر ف ر ف	1	412	Battre des ailes, voleter, voltiger, se déployer, déployer et agiter ses ailes, résonner, soutenir, produire un bruit
0580	ر ف ع	29	412	Elever, hausser, hisser, monter, gravir, relever, enlever, dresser, lever, redresser, faire remonter plus haut, surpasser, assigner un rang élevé à qqn
0581	ر ف ق	5	413	Idée liée au coude comme assistant de la main ou force active orientée - être accommodant, aider, assister, être utile à, être bienveillant, bon, doux, être compagnon de qqn
0582	ر ق ب	24	413	Observer, regarder, garder, veiller sur, surveiller, guetter, tourner le cou pour examiner, attacher par le cou, scruter, respecter, contrôler, épier, prendre en considération
0583	ر ق د	2	413	S'endormir, dormir, être couché, sommeiller, s'arrêter, être calme, être en repos, se reposer, se coucher, se relaxer, se détendre sur place, s'apaiser
0995	ع ر ج ن	1	546	Imprimer, peindre une étoffe à ramages représentant des branches sèches, frapper qqn avec des rafles desséchées de dattes, teindre une étoffe
0996	ع ر ر	2	546	Etre galeux et couvert d'ulcères, salir d'ordures, être misérable, faire du mal, se comporter d'une manière ignoble, affliger qqn, déshonorer qqn, crier
0997	ع ر ش	33	546	Construire un dais, une cabane, une demeure en bois, faire un treillis, un treillage, faire halte, appuyer, faire grimper sur un treillis, faire une charpente
0998	ع ر ض	79	546	Avoir lieu, arriver, survenir, se passer, se présenter, apparaître, exposer, montrer, exhiber, proposer, aborder, représenter, saisir, appliquer, déployer, développer, mettre en vente, passer en revue, faire un échange,
0999	ع ر ف	61	547	Idée de connaître en distinguant, en prenant de la hauteur, de se répandre, de se diffuser (parfum), sentir les parfums - Connaître, apprendre, reconnaître et distinguer, discerner, savoir, avouer,
1000	ع ر م	1	548	Prendre un peu de nourriture, ronger l'écorce, traiter avec dureté, avec force, emportement, violence, faire du mal à qqn, être d'un caractère difficile ; être pétulant, perdre la tête, être dur, prendre l'air insolent
1001	ع ر و	3	548	Arriver, advenir, survenir, intervenir, s'emparer, saisir, avoir lieu, se présenter chez, se diriger vers, accéder, munir d'une anse (pour saisir qqch), être saisi d'un accès de fièvre
1002	ع ر ي	3	548	1/ Survenir, arriver à qqn, être pris au dépourvu - 2/ être nu, dépouillé de ses vêtements, être libre, exempt de qqch
1003	ع ز ب	2	549	Etre loin, éloigné, à une grande distance, s'éloigner, abandonner, échapper à la connaissance de qqn, être caché, être abandonné, être inhabité, désert, être célibataire
1004	ع ز ر	4	549	Idée de réprimander qqn pour lui conserver sa dignité - Blâmer, reprendre, aider, assister, empêcher qqn de faire qqch par respect pour sa dignité d'être humain, donner de bons principes à qqn, instruire qqn
1005	ع ز ز	120	549	1/ Etre rare et cher, précieux - 2/ être important, grave, difficile à supporter, inaccessible, paraître pénible - 3/ acquérir de la considération, de la grandeur, de l'importance, surpasser qqn en capacité, grandir dans l'estime de qqn
1006	ع ز ل	10	550	Oter, éloigner qqn, destituer, écarter, mettre qqch à part, se retirer, démettre, isoler, révoquer, pratiquer la ségrégation, séparer
1007	ع ز م	9	550	Arrêter ou entreprendre qqch après mûre résolution, se diriger irrévocablement vers, (se) décider, se résoudre à qqch, se déterminer, décréter, se proposer fermement, être inébranlable dans sa décision, avoir une forte aspiration, exécuter une résolution avec énergie, adjurer qqn, engager à faire qqch, projeter, se promettre de, se proposer de faire
1008	ع ز و	1	550	Se dire venir d'Untel, faire remonter sa généalogie à Untel, imputer, incriminer, accuser, rapporter, attribuer, assigner, prétendre appartenir à, supporter avec patience, se consoler
1009	ع س ر	12	551	Presser son débiteur pour le payement d'une dette, être difficile, sévère, ardu, pénible, critique, dur à supporter, être dans l'embarras, dans la gêne, dans la peine, être avare, tenace, être gaucher, venir du côté gauche
1010	ع س ع س	1	551	Rôder la nuit, survenir et tout envahir, se dérouler, se communiquer, s'enfuir, s'évanouir, embrouiller et rendre obscur, agiter, secouer, se propager, s'approcher de terre
1011	ع س ق	1	551	Lettres isolées inaugurant la sourate 42
1012	ع س ل	1	551	mêler qqch avec du miel, sucrer, recueillir le miel, assaisonner avec du miel
1139	ف د ي	13	594	Racheter qqn avec une rançon, rendre la liberté de qqn moyennant une contrepartie, cautionner, libérer qqn, payer la rançon de qqn, se dévouer envers qqn
1140	ف ر ت	3	594	Etre très doux, suave, avoir les facultés affaiblies (surtout intellectuelles), vivre en libertin, dans la débauche (dans un mode de vie qui parait doux)
1141	ف ر ث	1	595	Percer, crever, vider de son contenu (panier), blesser qqn au foie, se disperser, être rassasié, avoir des nausées, se disséminer
1142	ف ر ج	9	595	Fendre, pourfendre, ouvrir, élargir, entrouvrir, écarter, faire de la place, dissiper (nuage), consoler qqn, soulager, être consolé, délivré (soucis, chagrin)
1143	ف ر ح	22	595	Etre réjoui, gai, content, joyeux, épanoui, hilare, satisfait, pétulant, enjoué
1144	ف ر د	5	595	Etre seul, unique, isolé, séparé, simple, non-composé, s'isoler, se séparer, s'occuper seul de qqch
1145	ف ر د س	2	596	répandre, renverser ou jeter sur le sol, remplir entièrement qqch
1146	ف ر ر	11	596	Fuir, s'enfuir, (s')échapper, s'évader, se sauver, battre en retraite, se retirer, courir, déserter, abandonner
1147	ف ر ش	6	596	Etendre (tapis, natte), couvrir le sol, aplanir, disperser, disséminer, épandre, parsemer
1148	ف ر ض	18	596	Tailler, faire des coches, des entailles, insérer certaines règles de conduite, établir une loi, désigner, distinguer, indiquer, exiger, imposer, infliger, prescrire, obliger, enjoindre, partager, assigner qqch de permanent
1149	ف ر ط	8	597	Devancer, précéder, être supérieur à tous, arriver avant, dépasser (qqn ou qqch), envoyer un messager, négliger, agir avec négligence, franchir les limites, les bornes, l'emporter sur, vaincre, laisser échapper qqch, échapper, avoir lieu sans préméditation
1150	ف ر ع	1	597	Idée de mettre une séparation, une distance entre, gravir, descendre (une montagne, une vallée), d'où l'idée de ramification d'un arbre, d'une branche, de développement en tous sens, séparer deux combattants, contenir ou arrêter sa monture, mettre la paix, réconcilier, surpasser qqn
1151	ف ر ع ن	74	597	Cette racine peut se rattacher à la précédente
0001	ء ب ب	1	233	remuer qqch, mettre la main à qqch, désirer qqch, arranger, disposer, entreprendre, apprêter
0002	ء ب د	28	233	1/ durer, s'arrêter, subsister, continuer d'exister, 2/ devenir sauvage, s'irriter
0003	ء ب ر ه م	69	233	Sans racine verbale
0004	ء ب ق	1	233	se sauver, être fugitif, s'enfuir (esclave)
0005	ء ب ل	3	233	Se multiplier, être nombreux (chameaux), être habile à soigner (les chameaux)
1270	ق ن ي	1	636	Acquérir, rendre content, satisfaire
1271	ق ه ر	10	636	Forcer, contraindre, dominer, maîtriser, réfréner, subjuguer, soumettre, accabler, réprimer, dompter
1272	ق و ب	1	636	Creuser, casser d'un coup de bec (œuf), sortir, aller plus loin, s'éloigner d'un lieu et se rapprocher d'un autre, s'enfuir
1273	ق و ت	2	636	Nourrir qqn, pourvoir à la subsistance de qqn, alimenter qqn, pouvoir, avoir la force
1274	ق و س	1	636	Mesurer une chose à l'aide d'une autre, comparer une chose à une autre, conclure par analogie, précéder qqn, marcher devant, contenir, avoir le dos voûté, être courbe, arqué, s'arquer, se cambrer, se voûter
1275	ق و ع	2	637	Couvrir la femelle (mâle), rester en arrière, boiter (chien), se reculer, se retirer
1276	ق و ل	1721	637	Dire, exprimer, déclarer, prononcer un avis sur, énoncer, proférer, parler à qqn, professer qqch, indiquer, faire signe, penser, être d'avis
1277	ق و م	621	638	Se lever, se dresser et se tenir debout, être ou rester debout, droit, vertical, s'élever, surgir, être, exister, avoir lieu, s'arrêter, rester immobile, s'implanter, s'installer, effectuer, exécuter, se mettre à, occuper une place, rester en place, s'occuper de, se charger de, assumer, s'acquitter, prendre en charge, surveiller, persévérer, tenir lieu, maintenir, soutenir, appuyer qqn, défendre qqn, triompher, se relever, se soulever, ressusciter, aborder qqn, vouloir (tel prix), pouvoir, savoir faire
1278	ق و ي	42	639	L'emporter sur qqn ou qqch par la force, être robuste, devenir fort, puissant, robuste, solide, vigoureux, s'affermir, (se)consolider, (se)fortifier, être capable de faire qqch - être vide, désert, avoir faim
1295	ك ر ب	4	646	Tordre, tresser, serrer fort les liens, tendre des cordes, serrer le cœur, affliger, peiner, charger (une bête), surcharger, tourmenter, chagriner, labourer, ensemencer
1296	ك ر ر	6	646	Revenir sur ses pas, à la charge, réitérer, charger de nouveau, ramener, faire revenir, se succéder (jour, nuit)
1297	ك ر س	2	646	Idée de poser l'assise, de superposer, de poser l'un sur l'autre, de jeter les fondements d'un édifice - tirer des lignes, des raies - rassembler, grouper, réunir
1298	ك ر م	47	646	Surpasser qqn en noblesse (d'origine ou de caractère), vaincre qqn en générosité, être noble, généreux, illustre, libéral, magnifique, digne, honorable, distingué
1299	ك ر ه	41	647	Abhorrer, détester, avoir du dégoût, exécrer, haïr, être désagréable, inspirer de la répugnance, avoir en horreur, avoir du ressentiment, avoir de l'aversion, de la répulsion, révulser, répugner, réprouver, déplaire, être pénible, être difficile, se dégoûter, être dégoûté
1440	م ط ر	15	692	Tremper, inonder d'eau, répandre la pluie, combler, remplir, tomber avec rapidité, aller vite, s'abattre, marcher d'un pas rapide
1441	م ط و	1	692	stimuler la marche (de la monture), faire marcher rapidement, marcher vite, se hâter, tirer, traîner, retenir qqn en route, faire paraître long le chemin
1442	م ع ز	1	692	Séparer les chèvres des brebis, avoir beaucoup de chèvres, être dur (dans ses rapports avec les autres)
1443	م ع ن	5	692	Etre lancé et continuer sans relâche sa course (cheval), couler, être bien arrosé et croître (végétation), être irrigué, avoir et reconnaître qqch
1444	م ع ي	1	692	sans racine verbale
1445	م ق ت	6	693	Haïr, détester, exécrer, abhorrer, avoir en abomination, être odieux, détestable
1446	م ك ث	7	693	Rester, séjourner, s'arrêter dans un lieu, attendre, retenir, être patient, persévérer, demeurer, se fixer, se tenir quelque part, continuer à, passer du temps à
1447	م ك ر	43	693	Tromper qqn, agir avec ruse, avec dissimulation, dissimuler, séduire, induire en erreur, duper, user d'artifice, d'astuce, de stratagème, tramer qqch
1448	م ك ك	1	693	Sucer et extraire entièrement, presser, réduire, amoindrir, consommer, consumer, dévorer, rendre exsangue, vider de son contenu
1449	م ك ل	1	694	(ou م ي ك ل) Sans racine arabe connue - peut venir de l'araméen ou de l'hébreu - ما + ك + يل = ce qui est comme le Dieu omniprésent
1450	م ك ن	18	694	Avoir des œufs (lézard, sauterelle, etc.), avoir de l'influence, de l'ascendant, du pouvoir, jouir d'autorité, avoir prise sur, se consolider, se stabiliser, être bien enraciné, ferme, influent, solide, vigoureux, intense, être capable, compétent
1451	م ك و	1	694	Siffler, gazouiller, chanter (oiseaux)
1452	م ل ء	40	694	Emplir, remplir, aider qqn
1453	م ل ح	2	695	saler, être salé, être saumâtre
1454	م ل ق	2	695	Effacer, laver, nettoyer, blanchir, épuiser, être démuni, sans rien, flatter, aduler, téter sa mère
1455	م ل ك	206	695	contenir, tenir, posséder, détenir, user de qqch, maîtriser, garder en sa possession, avoir une chose à son usage, contrôler, se rendre maître de, exercer l'autorité, régner, dominer, conquérir, gouverner, épouser (une femme), pétrir (la pâte)
1456	م ل ل	18	696	Bâtir une pièce d'étoffe, faufiler (un habit), redresser une tige, une branche en la chauffant, mettre sous la braise ou cendre chaude, être ou trouver long et ennuyeux, s'ennuyer, se dégoûter, se lasser, se fatiguer, se dépêcher en marchant, tourner et retourner en tous sens
1457	م ل و	10	696	Marcher d'un pas vigoureux et rapide, être allègre, se mettre à courir, être long, lent
1458	م ن ع	17	697	Refuser qqch, repousser, éloigner, empêcher, défendre, protéger, être inaccessible, priver, interdire, prohiber, proscrire, s'opposer, censurer, être imprenable, être d'accès difficile
1459	م ن ن	27	697	Fatiguer qqn, rappeler sans cesse une faveur, reprocher à qqn un bienfait, une faveur, accorder comme une faveur, lasser, éreinter qqn, réduire, amoindrir, couper, casser, raccourcir, obliger qqn, être bienveillant, faire don, donner, doter, gratifier, dispenser, octroyer, inspirer, suggérer
1694	و ل ج	14	772	Entrer dans l'intérieur de qqch, pénétrer profondément, entreprendre qqch, s'engager dans, s'enfoncer, accéder, s'immiscer
1695	و ل د	102	772	Engendrer, procréer, enfanter, mettre au monde, mettre bas, donner le jour ou la vie, donner naissance
1696	و ل ي	233	772	Etre très proche, contigu, être très près, suivre de très près, toucher à, être à portée de la main, se charger de qqch, être préposé, être l'ami intime de qqn, gouverner, régir, administrer, s'ensuivre, suivre de près, défendre qqn
1697	و ن ي	1	773	Etre faible, mou, languide, manquer de force, de vigueur, être fatigué, se fatiguer, se lasser, cesser, abandonner, interrompre, ne pas persévérer, faiblir, délaisser, négliger
1698	و ه ب	25	774	Donner qqch sans contrepartie, faire don, faire un présent, livrer qqch à qqn, accorder, concéder, octroyer, surpasser qqn en générosité, pourvoir, doter
1699	و ه ج	1	774	Brûler, s'embraser, s'allumer, être incandescent, ardent, briller, refléter, irradier
1700	و ه ن	9	774	Etre faible, trop faible pour travailler ou entreprendre qqch, affaiblir, mollir, s'altérer, se détériorer, rendre faible, débile, énerver qqn, être au milieu de la nuit
1701	و ه ي	1	774	Etre crevé, crever, déchirer, se déchirer, se détériorer, être détraqué, se détraquer, s'avarier, se déranger, être en désarroi, être délabré, être faible, fragile, être débile, sot, stupide
1702	و ي ل	40	775	Idée d'adversité, d'affliction, de détresse, de malheur, de menace
0518	ذ ك ر	292	390	Toucher, frapper ou blesser qqn au membre de la génération - Se souvenir, se rappeler, mentionner, se remémorer, avoir la réminiscence de qqch, faire mention de, évoquer, invoquer, rappeler - Idée du masculin et de la virilité, de la fécondation, de la dureté, de la vigueur, de la pénétration, d'activité novatrice
0519	ذ ك ي	1	391	Brûler avec intensité, être doué de sagacité, de pénétration, ranimer, raviver, répandre (odeur, sang), égorger (le sang qui est intimement lié à la vie est chaud), être fin, subtil, pénétrant, percer (dent)
0520	ذ ل ل	24	391	Etre bas, vil, de modeste condition, être de qualité inférieure ; être petit, chétif, méprisé, docile, soumis, humble, s'abaisser, se faire petit
0521	ذ م م	5	391	Blâmer, condamner, décrier, dénigrer, flétrir qqn, diffamer
